{"flutter":{"platforms":{"android":{"default":{"projectId":"travin-b131f","appId":"1:543545139335:android:98ad4a6c9005313c605822","fileOutput":"android/app/google-services.json"}},"dart":{"lib/firebase_options.dart":{"projectId":"travin-b131f","configurations":{"android":"1:543545139335:android:98ad4a6c9005313c605822","ios":"1:543545139335:ios:fb9d4026d1557b9f605822","macos":"1:543545139335:ios:fb9d4026d1557b9f605822","web":"1:543545139335:web:174a413e3605e40b605822","windows":"1:543545139335:web:9ceee37f7435f0c1605822"}}}}}}